29/09/20,Kerala,25350,19180,273,,25350,19180,273,,,,a
29/09/20,Kerala,6223518,5184741,97529,,6248868,5203921,97802,,,,
29/09/20,Kerala,394856,336981,5715,,6643724,5540902,103517,,,,
29/09/20,Kerala,47995,38059,591,,6691719,5578961,104108,,,,
30/09/20,Kerala,253768,222805,4899,,6945487,5801766,109007,,,,
30/09/20,Kerala,3835,3608,53,,6949322,5805374,109060,,,,
30/09/20,Kerala,693484,629211,5828,,7642806,6434585,114888,,,,
30/09/20,Kerala,9796,6890,16,,7652602,6441475,114904,,,,
30/09/20,Kerala,180811,145615,697,,7833413,6587090,115601,,,,
30/09/20,Kerala,182906,169625,904,,8016319,6756715,116505,,,,
30/09/20,Kerala,11938,9813,162,,8028257,6766528,116667,,,,
30/09/20,Kerala,113602,81718,957,,8141859,6848246,117624,,,,
30/09/20,Kerala,279715,247446,5361,,8421574,7095692,122985,,,,
30/09/20,Kerala,3040,2902,2,,8424614,7098594,122987,,,,
30/09/20,Kerala,33418,28125,428,,8458032,7126719,123415,,,,
30/09/20,Kerala,137394,117331,3453,,8595426,7244050,126868,,,,
30/09/20,Kerala,14976,11370,181,,8610402,7255420,127049,,,,
30/09/20,Kerala,128599,112877,1382,,8739001,7368297,128431,,,,
30/09/20,Kerala,83651,71342,713,,8822652,7439639,129144,,,,
30/09/20,Kerala,75070,56872,1181,,8897722,7496511,130325,,,,
30/09/20,Kerala,601767,485268,8864,,9499489,7981779,139189,,,,
30/09/20,Kerala,196107,128224,743,,9695596,8110003,139932,,,,
30/09/20,Kerala,4269,3147,58,,9699865,8113150,139990,,,,
30/09/20,Kerala,1384446,1088322,36662,,11084311,9201472,176652,,,,
30/09/20,Kerala,5639,3975,49,,11089950,9205447,176701,,,,
30/09/20,Kerala,10985,8460,67,,11100935,9213907,176768,,,,
30/09/20,Kerala,128047,104734,2316,,11228982,9318641,179084,,,,
30/09/20,Kerala,1986,1598,0,,11230968,9320239,179084,,,,
30/09/20,Kerala,6163,5025,12,,11237131,9325264,179096,,,,
30/09/20,Kerala,219119,185700,895,,11456250,9510964,179991,,,,
30/09/20,Kerala,113886,93666,3406,,11570136,9604630,183397,,,,
30/09/20,Kerala,27544,22074,521,,11597680,9626704,183918,,,,
30/09/20,Kerala,135292,113225,1486,,11732972,9739929,185404,,,,
30/09/20,Kerala,2931,2222,37,,11735903,9742151,185441,,,,
30/09/20,Kerala,191386,160933,1127,,11927289,9903084,186568,,,,
30/09/20,Kerala,597602,541819,9520,,12524891,10444903,196088,,,,
30/09/20,Kerala,25731,19669,274,,12550622,10464572,196362,,,,
30/09/20,Kerala,6310266,5270015,98708,,18860888,15734587,295070,,,,
30/09/20,Kerala,399082,342415,5784,,19259970,16077002,300854,,,,
30/09/20,Kerala,49000,39035,611,,19308970,16116037,301465,,,,
01/10/20,Kerala,257049,225759,4958,,19566019,16341796,306423,,,,
01/10/20,Kerala,3848,3623,53,,19569867,16345419,306476,,,,
01/10/20,Kerala,700235,636508,5869,,20270102,16981927,312345,,,,
01/10/20,Kerala,10020,7049,16,,20280122,16988976,312361,,,,
01/10/20,Kerala,182396,147519,711,,20462518,17136495,313072,,,,
01/10/20,Kerala,184276,170867,906,,20646794,17307362,313978,,,,
01/10/20,Kerala,12057,10009,164,,20658851,17317371,314142,,,,
01/10/20,Kerala,116153,84699,986,,20775004,17402070,315128,,,,
01/10/20,Kerala,282752,250613,5401,,21057756,17652683,320529,,,,
01/10/20,Kerala,3054,2912,2,,21060810,17655595,320531,,,,
01/10/20,Kerala,33942,28525,440,,21094752,17684120,320971,,,,
01/10/20,Kerala,138745,118665,3463,,21233497,17802785,324434,,,,
01/10/20,Kerala,15219,11588,190,,21248716,17814373,324624,,,,
01/10/20,Kerala,129912,115038,1402,,21378628,17929411,326026,,,,
01/10/20,Kerala,84664,72461,721,,21463292,18001872,326747,,,,
01/10/20,Kerala,76163,58552,1198,,21539455,18060424,327945,,,,
01/10/20,Kerala,611837,492412,8994,,22151292,18552836,336939,,,,
01/10/20,Kerala,204242,131052,772,,22355534,18683888,337711,,,,
01/10/20,Kerala,4360,3232,61,,22359894,18687120,337772,,,,
01/10/20,Kerala,1400922,1104426,37056,,23760816,19791546,374828,,,,
01/10/20,Kerala,5802,4001,51,,23766618,19795547,374879,,,,
01/10/20,Kerala,11113,8641,68,,23777731,19804188,374947,,,,
01/10/20,Kerala,130088,107279,2336,,23907819,19911467,377283,,,,
01/10/20,Kerala,2018,1721,0,,23909837,19913188,377283,,,,
01/10/20,Kerala,6244,5099,12,,23916081,19918287,377295,,,,
01/10/20,Kerala,222734,190080,912,,24138815,20108367,378207,,,,
01/10/20,Kerala,115151,95937,3451,,24253966,20204304,381658,,,,
01/10/20,Kerala,28024,22505,525,,24281990,20226809,382183,,,,
01/10/20,Kerala,137485,115178,1500,,24419475,20341987,383683,,,,
01/10/20,Kerala,2969,2294,40,,24422444,20344281,383723,,,,
01/10/20,Kerala,193600,163407,1135,,24616044,20507688,384858,,,,
01/10/20,Kerala,603290,547335,9586,,25219334,21055023,394444,,,,
01/10/20,Kerala,26063,20069,280,,25245397,21075092,394724,,,,
01/10/20,Kerala,6392051,5348746,99807,,31637448,26423838,494531,,,,
01/10/20,Kerala,403101,346859,5864,,32040549,26770697,500395,,,,
01/10/20,Kerala,49248,39836,625,,32089797,26810533,501020,,,,
02/10/20,Kerala,260324,228755,5017,,32350121,27039288,506037,,,,
02/10/20,Kerala,3858,3631,53,,32353979,27042919,506090,,,,
02/10/20,Kerala,706790,643993,5900,,33060769,27686912,511990,,,,
02/10/20,Kerala,10220,7183,18,,33070989,27694095,512008,,,,
02/10/20,Kerala,183812,148960,721,,33254801,27843055,512729,,,,
02/10/20,Kerala,185707,172364,910,,33440508,28015419,513639,,,,
02/10/20,Kerala,12212,10162,169,,33452720,28025581,513808,,,,
02/10/20,Kerala,118790,88095,1002,,33571510,28113676,514810,,,,
02/10/20,Kerala,285672,253784,5438,,33857182,28367460,520248,,,,
02/10/20,Kerala,3063,2933,2,,33860245,28370393,520250,,,,
02/10/20,Kerala,34455,29004,442,,33894700,28399397,520692,,,,
02/10/20,Kerala,140055,119915,3478,,34034755,28519312,524170,,,,
02/10/20,Kerala,15454,11976,197,,34050209,28531288,524367,,,,
02/10/20,Kerala,131388,116716,1425,,34181597,28648004,525792,,,,
02/10/20,Kerala,85400,73428,729,,34266997,28721432,526521,,,,
02/10/20,Kerala,77253,59952,1212,,34344250,28781384,527733,,,,
02/10/20,Kerala,620630,499506,9119,,34964880,29280890,536852,,,,
02/10/20,Kerala,213500,135144,792,,35178380,29416034,537644,,,,
02/10/20,Kerala,4429,3274,61,,35182809,29419308,537705,,,,
02/10/20,Kerala,1416513,1117720,37480,,36599322,30537028,575185,,,,
02/10/20,Kerala,6033,4226,52,,36605355,30541254,575237,,,,
02/10/20,Kerala,11399,8992,69,,36616754,30550246,575306,,,,
02/10/20,Kerala,132107,109611,2372,,36748861,30659857,577678,,,,
02/10/20,Kerala,2049,1736,0,,36750910,30661593,577678,,,,
02/10/20,Kerala,6318,5166,12,,36757228,30666759,577690,,,,
02/10/20,Kerala,226334,194128,928,,36983562,30860887,578618,,,,
02/10/20,Kerala,116213,97777,3501,,37099775,30958664,582119,,,,
02/10/20,Kerala,28534,22948,532,,37128309,30981612,582651,,,,
02/10/20,Kerala,139696,117238,1516,,37268005,31098850,584167,,,,
02/10/20,Kerala,3011,2328,41,,37271016,31101178,584208,,,,
02/10/20,Kerala,195609,165844,1145,,37466625,31267022,585353,,,,
02/10/20,Kerala,608885,552938,9653,,38075510,31819960,595006,,,,
02/10/20,Kerala,26359,20573,283,,38101869,31840533,595289,,,,
02/10/20,Kerala,6471936,5425086,100875,,44573805,37265619,696164,,,,
02/10/20,Kerala,406995,351966,5917,,44980800,37617585,702081,,,,
02/10/20,Kerala,49559,40176,636,,45030359,37657761,702717,,,,
03/10/20,Kerala,263634,231699,5070,,45293993,37889460,707787,,,,
03/10/20,Kerala,3868,3642,53,,45297861,37893102,707840,,,,
03/10/20,Kerala,713014,651791,5941,,46010875,38544893,713781,,,,
03/10/20,Kerala,10421,7388,18,,46021296,38552281,713799,,,,
03/10/20,Kerala,185444,150773,735,,46206740,38703054,714534,,,,
03/10/20,Kerala,186690,173795,912,,46393430,38876849,715446,,,,
03/10/20,Kerala,12360,10396,172,,46405790,38887245,715618,,,,
03/10/20,Kerala,121400,91077,1031,,46527190,38978322,716649,,,,
03/10/20,Kerala,287930,257224,5472,,46815120,39235546,722121,,,,
03/10/20,Kerala,3070,2941,2,,46818190,39238487,722123,,,,
03/10/20,Kerala,34900,29527,450,,46853090,39268014,722573,,,,
03/10/20,Kerala,141398,121219,3490,,46994488,39389233,726063,,,,
03/10/20,Kerala,15695,12173,205,,47010183,39401406,726268,,,,
03/10/20,Kerala,132576,118258,1450,,47142759,39519664,727718,,,,
03/10/20,Kerala,86277,74604,734,,47229036,39594268,728452,,,,
03/10/20,Kerala,78228,61351,1231,,47307264,39655619,729683,,,,
03/10/20,Kerala,630516,508495,9219,,47937780,40164114,738902,,,,
03/10/20,Kerala,221334,139620,814,,48159114,40303734,739716,,,,
03/10/20,Kerala,4477,3315,61,,48163591,40307049,739777,,,,
03/10/20,Kerala,1430861,1134555,37758,,49594452,41441604,777535,,,,
03/10/20,Kerala,6456,4319,54,,49600908,41445923,777589,,,,
03/10/20,Kerala,11651,9081,71,,49612559,41455004,777660,,,,
03/10/20,Kerala,133918,111712,2399,,49746477,41566716,780059,,,,
03/10/20,Kerala,2103,1772,0,,49748580,41568488,780059,,,,
03/10/20,Kerala,6429,5212,12,,49755009,41573700,780071,,,,
03/10/20,Kerala,229387,198194,945,,49984396,41771894,781016,,,,
03/10/20,Kerala,117319,99468,3562,,50101715,41871362,784578,,,,
03/10/20,Kerala,28752,23344,534,,50130467,41894706,785112,,,,
03/10/20,Kerala,141846,119241,1530,,50272313,42013947,786642,,,,
03/10/20,Kerala,3050,2367,43,,50275363,42016314,786685,,,,
03/10/20,Kerala,197327,167846,1153,,50472690,42184160,787838,,,,
03/10/20,Kerala,614507,558534,9718,,51087197,42742694,797556,,,,
03/10/20,Kerala,26549,20874,286,,51113746,42763568,797842,,,,
03/10/20,Kerala,6547415,5506741,101812,,57661161,48270309,899654,,,,
03/10/20,Kerala,410626,356826,5977,,58071787,48627135,905631,,,,
03/10/20,Kerala,50062,41095,648,,58121849,48668230,906279,,,,
04/10/20,Kerala,266974,234712,5132,,58388823,48902942,911411,,,,
04/10/20,Kerala,3884,3649,53,,58392707,48906591,911464,,,,
04/10/20,Kerala,719256,658875,5981,,59111963,49565466,917445,,,,
04/10/20,Kerala,10548,7577,18,,59122511,49573043,917463,,,,
04/10/20,Kerala,186200,152124,749,,59308711,49725167,918212,,,,
04/10/20,Kerala,187951,175109,915,,59496662,49900276,919127,,,,
04/10/20,Kerala,12445,10598,174,,59509107,49910874,919301,,,,
04/10/20,Kerala,123324,93731,1045,,59632431,50004605,920346,,,,
04/10/20,Kerala,290613,260350,5510,,59923044,50264955,925856,,,,
04/10/20,Kerala,3087,2954,2,,59926131,50267909,925858,,,,
04/10/20,Kerala,35328,30033,456,,59961459,50297942,926314,,,,
04/10/20,Kerala,142700,122465,3499,,60104159,50420407,929813,,,,
04/10/20,Kerala,15851,12341,212,,60120010,50432748,930025,,,,
04/10/20,Kerala,133878,120341,1470,,60253888,50553089,931495,,,,
04/10/20,Kerala,87210,75511,743,,60341098,50628600,932238,,,,
04/10/20,Kerala,79106,62404,1242,,60420204,50691004,933480,,,,
04/10/20,Kerala,640661,515782,9286,,61060865,51206786,942766,,,,
04/10/20,Kerala,229887,144471,837,,61290752,51351257,943603,,,,
04/10/20,Kerala,4521,3354,61,,61295273,51354611,943664,,,,
04/10/20,Kerala,1443409,1149603,38084,,62738682,52504214,981748,,,,
04/10/20,Kerala,6656,4393,54,,62745338,52508607,981802,,,,
04/10/20,Kerala,11857,9205,74,,62757195,52517812,981876,,,,
04/10/20,Kerala,135638,113832,2434,,62892833,52631644,984310,,,,
04/10/20,Kerala,2120,1791,0,,62894953,52633435,984310,,,,
04/10/20,Kerala,6552,5263,12,,62901505,52638698,984322,,,,
04/10/20,Kerala,232713,202302,960,,63134218,52841000,985282,,,,
04/10/20,Kerala,118157,100977,3603,,63252375,52941977,988885,,,,
04/10/20,Kerala,29089,23763,539,,63281464,52965740,989424,,,,
04/10/20,Kerala,144030,121331,1545,,63425494,53087071,990969,,,,
04/10/20,Kerala,3093,2399,45,,63428587,53089470,991014,,,,
04/10/20,Kerala,199276,170212,1163,,63627863,53259682,992177,,,,
04/10/20,Kerala,619996,564092,9784,,64247859,53823774,1001961,,,,
04/10/20,Kerala,26871,21387,290,,64274730,53845161,1002251,,,,
04/10/20,Kerala,6622185,5583456,102715,,70896915,59428617,1104966,,,,
04/10/20,Kerala,414466,362052,6029,,71311381,59790669,1110995,,,,
04/10/20,Kerala,51481,41487,652,,71362862,59832156,1111647,,,,
05/10/20,Kerala,270331,237698,5194,,71633193,60069854,1116841,,,,
05/10/20,Kerala,3899,3659,54,,71637092,60073513,1116895,,,,
05/10/20,Kerala,723512,666433,6019,,72360604,60739946,1122914,,,,
05/10/20,Kerala,10783,7775,19,,72371387,60747721,1122933,,,,
05/10/20,Kerala,187718,153488,760,,72559105,60901209,1123693,,,,
05/10/20,Kerala,188858,176674,924,,72747963,61077883,1124617,,,,
05/10/20,Kerala,12578,10797,177,,72760541,61088680,1124794,,,,
05/10/20,Kerala,126005,97067,1081,,72886546,61185747,1125875,,,,
05/10/20,Kerala,292560,263938,5542,,73179106,61449685,1131417,,,,
05/10/20,Kerala,3092,2964,2,,73182198,61452649,1131419,,,,
05/10/20,Kerala,35719,30456,460,,73217917,61483105,1131879,,,,
05/10/20,Kerala,144027,123870,3512,,73361944,61606975,1135391,,,,
05/10/20,Kerala,16033,12633,219,,73377977,61619608,1135610,,,,
05/10/20,Kerala,134909,121596,1491,,73512886,61741204,1137101,,,,
05/10/20,Kerala,88026,76843,747,,73600912,61818047,1137848,,,,
05/10/20,Kerala,79738,63790,1252,,73680650,61881837,1139100,,,,
05/10/20,Kerala,647712,522846,9370,,74328362,62404683,1148470,,,,
05/10/20,Kerala,234929,149111,860,,74563291,62553794,1149330,,,,
05/10/20,Kerala,4641,3414,61,,74567932,62557208,1149391,,,,
05/10/20,Kerala,1453653,1162585,38347,,76021585,63719793,1187738,,,,
05/10/20,Kerala,6767,4491,59,,76028352,63724284,1187797,,,,
05/10/20,Kerala,12107,9334,75,,76040459,63733618,1187872,,,,
05/10/20,Kerala,137098,115878,2463,,76177557,63849496,1190335,,,,
05/10/20,Kerala,2120,1837,0,,76179677,63851333,1190335,,,,
05/10/20,Kerala,6594,5377,12,,76186271,63856710,1190347,,,,
05/10/20,Kerala,235330,206400,977,,76421601,64063110,1191324,,,,
05/10/20,Kerala,119186,102648,3641,,76540787,64165758,1194965,,,,
05/10/20,Kerala,29277,24221,543,,76570064,64189979,1195508,,,,
05/10/20,Kerala,146195,123421,1559,,76716259,64313400,1197067,,,,
05/10/20,Kerala,3110,2466,46,,76719369,64315866,1197113,,,,
05/10/20,Kerala,200611,172388,1171,,76919980,64488254,1198284,,,,
05/10/20,Kerala,625391,569664,9846,,77545371,65057918,1208130,,,,
05/10/20,Kerala,27030,21853,296,,77572401,65079771,1208426,,,,
05/10/20,Kerala,6682315,5659313,103601,,84254716,70739084,1312027,,,,
05/10/20,Kerala,417437,366321,6092,,84672153,71105405,1318119,,,,
05/10/20,Kerala,51991,42368,669,,84724144,71147773,1318788,,,,
06/10/20,Kerala,273679,240707,5255,,84997823,71388480,1324043,,,,
06/10/20,Kerala,3912,3678,54,,85001735,71392158,1324097,,,,
06/10/20,Kerala,729307,672479,6052,,85731042,72064637,1330149,,,,
06/10/20,Kerala,11007,7965,20,,85742049,72072602,1330169,,,,
06/10/20,Kerala,188902,155074,778,,85930951,72227676,1330947,,,,
06/10/20,Kerala,190123,177929,925,,86121074,72405605,1331872,,,,
06/10/20,Kerala,12707,11035,180,,86133781,72416640,1332052,,,,
06/10/20,Kerala,128893,100551,1104,,86262674,72517191,1333156,,,,
06/10/20,Kerala,295236,266935,5581,,86557910,72784126,1338737,,,,
06/10/20,Kerala,3103,2973,2,,86561013,72787099,1338739,,,,
06/10/20,Kerala,36238,31050,468,,86597251,72818149,1339207,,,,
06/10/20,Kerala,145362,125343,3522,,86742613,72943492,1342729,,,,
06/10/20,Kerala,16283,12898,224,,86758896,72956390,1342953,,,,
06/10/20,Kerala,136115,123286,1509,,86895011,73079676,1344462,,,,
06/10/20,Kerala,88873,78089,757,,86983884,73157765,1345219,,,,
06/10/20,Kerala,80476,65496,1268,,87064360,73223261,1346487,,,,
06/10/20,Kerala,657705,533074,9461,,87722065,73756335,1355948,,,,
06/10/20,Kerala,242800,154092,885,,87964865,73910427,1356833,,,,
06/10/20,Kerala,4720,3464,61,,87969585,73913891,1356894,,,,
06/10/20,Kerala,1465911,1179726,38717,,89435496,75093617,1395611,,,,
06/10/20,Kerala,7037,4606,60,,89442533,75098223,1395671,,,,
06/10/20,Kerala,12242,9482,78,,89454775,75107705,1395749,,,,
06/10/20,Kerala,138668,118039,2488,,89593443,75225744,1398237,,,,
06/10/20,Kerala,2128,1887,0,,89595571,75227631,1398237,,,,
06/10/20,Kerala,6662,5414,12,,89602233,75233045,1398249,,,,
06/10/20,Kerala,238003,210217,993,,89840236,75443262,1399242,,,,
06/10/20,Kerala,120016,104355,3679,,89960252,75547617,1402921,,,,
06/10/20,Kerala,29682,24614,546,,89989934,75572231,1403467,,,,
06/10/20,Kerala,148316,125448,1574,,90138250,75697679,1405041,,,,
06/10/20,Kerala,3135,2506,49,,90141385,75700185,1405090,,,,
06/10/20,Kerala,202594,174769,1181,,90343979,75874954,1406271,,,,
06/10/20,Kerala,630408,575212,9917,,90974387,76450166,1416188,,,,
06/10/20,Kerala,27305,22108,298,,91001692,76472274,1416486,,,,
06/10/20,Kerala,6754184,5741258,104591,,97755876,82213532,1521077,,,,
06/10/20,Kerala,420937,370753,6153,,98176813,82584285,1527230,,,,
06/10/20,Kerala,52329,42968,677,,98229142,82627253,1527907,,,,
07/10/20,Kerala,277049,243743,5318,,98506191,82870996,1533225,,,,
07/10/20,Kerala,3935,3696,54,,98510126,82874692,1533279,,,,
07/10/20,Kerala,734427,678828,6086,,99244553,83553520,1539365,,,,
07/10/20,Kerala,11267,8396,21,,99255820,83561916,1539386,,,,
07/10/20,Kerala,190209,157635,785,,99446029,83719551,1540171,,,,
07/10/20,Kerala,191427,179351,927,,99637456,83898902,1541098,,,,
07/10/20,Kerala,12820,11190,182,,99650276,83910092,1541280,,,,
07/10/20,Kerala,131739,103828,1134,,99782015,84013920,1542414,,,,
07/10/20,Kerala,298107,270305,5616,,100080122,84284225,1548030,,,,
07/10/20,Kerala,3120,2985,2,,100083242,84287210,1548032,,,,
07/10/20,Kerala,36670,31444,477,,100119912,84318654,1548509,,,,
07/10/20,Kerala,146673,126757,3531,,100266585,84445411,1552040,,,,
07/10/20,Kerala,16565,13316,226,,100283150,84458727,1552266,,,,
07/10/20,Kerala,137398,124841,1528,,100420548,84583568,1553794,,,,
07/10/20,Kerala,89702,79176,767,,100510250,84662744,1554561,,,,
07/10/20,Kerala,81097,67684,1282,,100591347,84730428,1555843,,,,
07/10/20,Kerala,668652,542906,9574,,101259999,85273334,1565417,,,,
07/10/20,Kerala,253406,160253,907,,101513405,85433587,1566324,,,,
07/10/20,Kerala,4802,3511,63,,101518207,85437098,1566387,,,,
07/10/20,Kerala,1480489,1196441,39072,,102998696,86633539,1605459,,,,
07/10/20,Kerala,7165,4694,60,,103005861,86638233,1605519,,,,
07/10/20,Kerala,12491,9604,80,,103018352,86647837,1605599,,,,
07/10/20,Kerala,140307,120267,2518,,103158659,86768104,1608117,,,,
07/10/20,Kerala,2148,1895,0,,103160807,86769999,1608117,,,,
07/10/20,Kerala,6715,5450,12,,103167522,86775449,1608129,,,,
07/10/20,Kerala,240998,213672,1011,,103408520,86989121,1609140,,,,
07/10/20,Kerala,120868,105585,3712,,103529388,87094706,1612852,,,,
07/10/20,Kerala,30161,24930,551,,103559549,87119636,1613403,,,,
07/10/20,Kerala,150467,127526,1590,,103710016,87247162,1614993,,,,
07/10/20,Kerala,3234,2534,51,,103713250,87249696,1615044,,,,
07/10/20,Kerala,204748,177008,1189,,103917998,87426704,1616233,,,,
07/10/20,Kerala,635855,580736,9984,,104553853,88007440,1626217,,,,
07/10/20,Kerala,27542,22654,298,,104581395,88030094,1626515,,,,
07/10/20,Kerala,6832993,5824468,105554,,111414388,93854562,1732069,,,,
07/10/20,Kerala,424326,374972,6200,,111838714,94229534,1738269,,,,
07/10/20,Kerala,52959,43631,688,,111891673,94273165,1738957,,,,
08/10/20,Kerala,280504,246767,5376,,112172177,94519932,1744333,,,,
08/10/20,Kerala,3952,3707,55,,112176129,94523639,1744388,,,,
08/10/20,Kerala,739719,684930,6128,,112915848,95208569,1750516,,,,
08/10/20,Kerala,11479,8679,22,,112927327,95217248,1750538,,,,
08/10/20,Kerala,191397,159833,794,,113118724,95377081,1751332,,,,
08/10/20,Kerala,192671,180357,929,,113311395,95557438,1752261,,,,
08/10/20,Kerala,12922,11344,186,,113324317,95568782,1752447,,,,
08/10/20,Kerala,134612,106027,1158,,113458929,95674809,1753605,,,,
08/10/20,Kerala,300833,272948,5653,,113759762,95947757,1759258,,,,
08/10/20,Kerala,3132,3000,2,,113762894,95950757,1759260,,,,
08/10/20,Kerala,37102,31902,484,,113799996,95982659,1759744,,,,
08/10/20,Kerala,147951,128023,3541,,113947947,96110682,1763285,,,,
08/10/20,Kerala,16778,13583,233,,113964725,96124265,1763518,,,,
08/10/20,Kerala,138682,126267,1548,,114103407,96250532,1765066,,,,
08/10/20,Kerala,90486,80439,775,,114193893,96330971,1765841,,,,
08/10/20,Kerala,81793,69020,1291,,114275686,96399991,1767132,,,,
08/10/20,Kerala,679356,552519,9675,,114955042,96952510,1776807,,,,
08/10/20,Kerala,258851,167256,931,,115213893,97119766,1777738,,,,
08/10/20,Kerala,4902,3550,63,,115218795,97123316,1777801,,,,
08/10/20,Kerala,1493884,1212016,39430,,116712679,98335332,1817231,,,,
08/10/20,Kerala,7261,4832,60,,116719940,98340164,1817291,,,,
08/10/20,Kerala,12681,9719,83,,116732621,98349883,1817374,,,,
08/10/20,Kerala,142022,122687,2547,,116874643,98472570,1819921,,,,
08/10/20,Kerala,2150,1926,0,,116876793,98474496,1819921,,,,
08/10/20,Kerala,6736,5516,12,,116883529,98480012,1819933,,,,
08/10/20,Kerala,244142,216984,1027,,117127671,98696996,1820960,,,,
08/10/20,Kerala,121716,107200,3741,,117249387,98804196,1824701,,,,
08/10/20,Kerala,30539,25256,556,,117279926,98829452,1825257,,,,
08/10/20,Kerala,152605,129618,1605,,117432531,98959070,1826862,,,,
08/10/20,Kerala,3246,2569,52,,117435777,98961639,1826914,,,,
08/10/20,Kerala,206644,179075,1201,,117642421,99140714,1828115,,,,
08/10/20,Kerala,640943,586454,10052,,118283364,99727168,1838167,,,,
08/10/20,Kerala,27756,23043,301,,118311120,99750211,1838468,,,,
08/10/20,Kerala,6903791,5903213,106521,,125214911,105653424,1944989,,,,
08/10/20,Kerala,427459,378662,6245,,125642370,106032086,1951234,,,,
08/10/20,Kerala,53359,44535,702,,125695729,106076621,1951936,,,,
09/10/20,Kerala,284030,249737,5439,,125979759,106326358,1957375,,,,
09/10/20,Kerala,3976,3724,55,,125983735,106330082,1957430,,,,
09/10/20,Kerala,744864,691040,6159,,126728599,107021122,1963589,,,,
09/10/20,Kerala,11760,8877,23,,126740359,107029999,1963612,,,,
09/10/20,Kerala,192416,161901,802,,126932775,107191900,1964414,,,,
09/10/20,Kerala,193826,181781,934,,127126601,107373681,1965348,,,,
09/10/20,Kerala,12985,11505,188,,127139586,107385186,1965536,,,,
09/10/20,Kerala,137570,108935,1196,,127277156,107494121,1966732,,,,
09/10/20,Kerala,303693,276046,5692,,127580849,107770167,1972424,,,,
09/10/20,Kerala,3140,3012,2,,127583989,107773179,1972426,,,,
09/10/20,Kerala,37591,32317,491,,127621580,107805496,1972917,,,,
09/10/20,Kerala,149194,129541,3550,,127770774,107935037,1976467,,,,
09/10/20,Kerala,16977,13861,240,,127787751,107948898,1976707,,,,
09/10/20,Kerala,139932,127540,1562,,127927683,108076438,1978269,,,,
09/10/20,Kerala,91254,81654,781,,128018937,108158092,1979050,,,,
09/10/20,Kerala,82429,69979,1306,,128101366,108228071,1980356,,,,
09/10/20,Kerala,690269,561610,9789,,128791635,108789681,1990145,,,,
09/10/20,Kerala,268101,175304,956,,129059736,108964985,1991101,,,,
09/10/20,Kerala,4987,3886,63,,129064723,108968871,1991164,,,,
09/10/20,Kerala,1506018,1229339,39732,,130570741,110198210,2030896,,,,
09/10/20,Kerala,7388,4903,61,,130578129,110203113,2030957,,,,
09/10/20,Kerala,12812,9866,86,,130590941,110212979,2031043,,,,
09/10/20,Kerala,143629,124887,2574,,130734570,110337866,2033617,,,,
09/10/20,Kerala,2157,1974,0,,130736727,110339840,2033617,,,,
09/10/20,Kerala,6888,5608,12,,130743615,110345448,2033629,,,,
09/10/20,Kerala,246839,220388,1044,,130990454,110565836,2034673,,,,
09/10/20,Kerala,122459,108533,3773,,131112913,110674369,2038446,,,,
09/10/20,Kerala,30904,25543,558,,131143817,110699912,2039004,,,,
09/10/20,Kerala,154785,131766,1621,,131298602,110831678,2040625,,,,
09/10/20,Kerala,3279,2640,54,,131301881,110834318,2040679,,,,
09/10/20,Kerala,208535,180953,1208,,131510416,111015271,2041887,,,,
09/10/20,Kerala,646128,591811,10120,,132156544,111607082,2052007,,,,
09/10/20,Kerala,27979,23451,308,,132184523,111630533,2052315,,,,
09/10/20,Kerala,6977096,5985841,107450,,139161619,117616374,2159765,,,,
09/10/20,Kerala,430666,383086,6293,,139592285,117999460,2166058,,,,
09/10/20,Kerala,54063,45774,716,,139646348,118045234,2166774,,,,
10/10/20,Kerala,287603,252806,5501,,139933951,118298040,2172275,,,,
10/10/20,Kerala,3992,3744,55,,139937943,118301784,2172330,,,,
10/10/20,Kerala,750517,697699,6194,,140688460,118999483,2178524,,,,
10/10/20,Kerala,11998,9035,23,,140700458,119008518,2178547,,,,
10/10/20,Kerala,193387,163352,811,,140893845,119171870,2179358,,,,
10/10/20,Kerala,194966,183007,944,,141088811,119354877,2180302,,,,
10/10/20,Kerala,13081,11662,190,,141101892,119366539,2180492,,,,
10/10/20,Kerala,140258,111654,1235,,141242150,119478193,2181727,,,,
10/10/20,Kerala,306559,278812,5740,,141548709,119757005,2187467,,,,
10/10/20,Kerala,3152,3025,2,,141551861,119760030,2187469,,,,
10/10/20,Kerala,37934,32777,499,,141589795,119792807,2187968,,,,
10/10/20,Kerala,150415,130997,3560,,141740210,119923804,2191528,,,,
10/10/20,Kerala,17244,14261,243,,141757454,119938065,2191771,,,,
10/10/20,Kerala,141090,128841,1572,,141898544,120066906,2193343,,,,
10/10/20,Kerala,91951,82805,784,,141990495,120149711,2194127,,,,
10/10/20,Kerala,83064,70955,1313,,142073559,120220666,2195440,,,,
10/10/20,Kerala,700786,569947,9891,,142774345,120790613,2205331,,,,
10/10/20,Kerala,279856,182874,979,,143054201,120973487,2206310,,,,
10/10/20,Kerala,5059,3973,64,,143059260,120977460,2206374,,,,
10/10/20,Kerala,1517434,1255779,40040,,144576694,122233239,2246414,,,,
10/10/20,Kerala,7544,5045,62,,144584238,122238284,2246476,,,,
10/10/20,Kerala,13094,10306,88,,144597332,122248590,2246564,,,,
10/10/20,Kerala,145245,127034,2599,,144742577,122375624,2249163,,,,
10/10/20,Kerala,2162,1984,0,,144744739,122377608,2249163,,,,
10/10/20,Kerala,6949,5641,12,,144751688,122383249,2249175,,,,
10/10/20,Kerala,249693,224273,1059,,145001381,122607522,2250234,,,,
10/10/20,Kerala,123317,109767,3798,,145124698,122717289,2254032,,,,
10/10/20,Kerala,31241,25954,559,,145155939,122743243,2254591,,,,
10/10/20,Kerala,156908,133918,1636,,145312847,122877161,2256227,,,,
10/10/20,Kerala,3321,2735,55,,145316168,122879896,2256282,,,,
10/10/20,Kerala,210346,183025,1217,,145526514,123062921,2257499,,,,
10/10/20,Kerala,651370,597033,10187,,146177884,123659954,2267686,,,,
10/10/20,Kerala,28150,23778,310,,146206034,123683732,2267996,,,,
10/10/20,Kerala,7051514,6074865,108371,,153257548,129758597,2376367,,,,
10/10/20,Kerala,433712,387149,6353,,153691260,130145746,2382720,,,,
10/10/20,Kerala,54525,46186,734,,153745785,130191932,2383454,,,,
11/10/20,Kerala,291194,255838,5563,,154036979,130447770,2389017,,,,
11/10/20,Kerala,4005,3764,55,,154040984,130451534,2389072,,,,
11/10/20,Kerala,755727,703208,6224,,154796711,131154742,2395296,,,,
11/10/20,Kerala,12147,9232,24,,154808858,131163974,2395320,,,,
11/10/20,Kerala,193783,164579,816,,155002641,131328553,2396136,,,,
11/10/20,Kerala,196268,184224,946,,155198909,131512777,2397082,,,,
11/10/20,Kerala,13166,11787,191,,155212075,131524564,2397273,,,,
11/10/20,Kerala,142372,113771,1253,,155354447,131638335,2398526,,,,
11/10/20,Kerala,309339,281869,5769,,155663786,131920204,2404295,,,,
11/10/20,Kerala,3163,3034,2,,155666949,131923238,2404297,,,,
11/10/20,Kerala,38366,33203,507,,155705315,131956441,2404804,,,,
11/10/20,Kerala,151596,132410,3569,,155856911,132088851,2408373,,,,
11/10/20,Kerala,17408,14451,245,,155874319,132103302,2408618,,,,
11/10/20,Kerala,142155,130003,1579,,156016474,132233305,2410197,,,,
11/10/20,Kerala,92525,83571,787,,156108999,132316876,2410984,,,,
11/10/20,Kerala,83633,71845,1322,,156192632,132388721,2412306,,,,
11/10/20,Kerala,710309,580054,9966,,156902941,132968775,2422272,,,,
11/10/20,Kerala,289203,191798,1004,,157192144,133160573,2423276,,,,
11/10/20,Kerala,5081,4037,64,,157197225,133164610,2423340,,,,
11/10/20,Kerala,1528226,1266240,40345,,158725451,134430850,2463685,,,,
11/10/20,Kerala,7683,5142,63,,158733134,134435992,2463748,,,,
11/10/20,Kerala,13328,10504,91,,158746462,134446496,2463839,,,,
11/10/20,Kerala,146820,129019,2624,,158893282,134575515,2466463,,,,
11/10/20,Kerala,2175,2010,0,,158895457,134577525,2466463,,,,
11/10/20,Kerala,7019,5690,12,,158902476,134583215,2466475,,,,
11/10/20,Kerala,252239,227615,1075,,159154715,134810830,2467550,,,,
11/10/20,Kerala,123973,110865,3833,,159278688,134921695,2471383,,,,
11/10/20,Kerala,31549,26291,563,,159310237,134947986,2471946,,,,
11/10/20,Kerala,159052,135990,1650,,159469289,135083976,2473596,,,,
11/10/20,Kerala,3360,2839,56,,159472649,135086815,2473652,,,,
11/10/20,Kerala,212063,185128,1222,,159684712,135271943,2474874,,,,
11/10/20,Kerala,656385,602038,10252,,160341097,135873981,2485126,,,,
11/10/20,Kerala,28349,24063,312,,160369446,135898044,2485438,,,,
11/10/20,Kerala,7119303,6146430,109184,,167488749,142044474,2594622,,,,
11/10/20,Kerala,436979,390566,6394,,167925728,142435040,2601016,,,,
11/10/20,Kerala,55051,46642,747,,167980779,142481682,2601763,,,,
12/10/20,Kerala,294806,258948,5622,,168275585,142740630,2607385,,,,
,Kerala,4023,3770,55,,168279608,142744400,2607440,,,,